<?xml version="1.0" encoding="UTF-8"?>
<metadata xml:lang="en"><Esri><CreaDate>20190322</CreaDate><CreaTime>13084400</CreaTime><ArcGISFormat>1.0</ArcGISFormat><SyncOnce>TRUE</SyncOnce><DataProperties><lineage><Process ToolSource="C:\Program Files (x86)\ArcGIS\Desktop10.0\ArcToolbox\Toolboxes\Spatial Analyst Tools.tbx\ExtractByMask" Date="20190322" Time="130844">ExtractByMask krig_100 Silver_Springs_Potentiometric_Surface_Capture_Zone_SJRWMD "F:\Research\SilverSpringsData\Kriging Raster\krig_100m"</Process></lineage></DataProperties></Esri></metadata>
